{"cameraMode":{"drawMode":0,"name":"Shaded","section":"Shading Mode"},"sceneLighting":true,"audioPlay":false,"sceneViewState":{"m_AlwaysRefresh":false,"showFog":true,"showSkybox":true,"showFlares":true,"showImageEffects":true,"showParticleSystems":true,"showVisualEffectGraphs":true,"m_FxEnabled":true},"in2DMode":false,"pivot":{"x":-0.1611003875732422,"y":7.1020002365112309,"z":-24.90999984741211},"rotation":{"x":-0.22541774809360505,"y":-0.11135958135128021,"z":0.025944147258996965,"w":-0.9675290584564209},"size":25.796415328979493,"orthographic":false}